dbertlin0@blogtalkradio.com,KNmk6vb,Dalston,23,25/05/2016
mpethick1@cpanel.net,1FeRsZ8,Marylou,40,16/02/2009
ghardaway2@merriam-webster.com,RfnJ9ka,Gwenneth,81,15/12/2017
adamsell3@quantcast.com,r4Jnf9C94,Amberly,45,19/10/2003
ematzeitis4@phoca.cz,JNPxxXf,Eleonora,41,13/11/2005
adavson5@free.fr,xXeags,Alethea,23,15/04/2015
dhardern6@census.gov,4Z1ICr88QK,Doug,60,30/06/2000
hcody7@icq.com,T1D1vKw,Ham,44,23/12/2011
kbrayshay8@nasa.gov,CDMgsg,Kiah,88,07/04/2002
rbaldery9@gov.uk,mSXliKth5Pko,Raychel,45,30/01/2019
mcockinga@acquirethisname.com,l4TdtbjCrfz,Mikkel,48,12/10/2017
rlavisteb@skype.com,hD9lY64hl,Roz,49,24/07/2002
fvassayc@amazon.co.jp,yOIO1i,Friederike,49,18/12/2006
cyorked@vk.com,wXOVhrwK,Care,55,28/06/2012
ffitzroye@altervista.org,sbCKjL4,Fraser,77,20/05/2016
dtrevinof@marketwatch.com,L442y3soo7,Dalis,21,06/02/2009
djurgesg@sohu.com,TOEglHDwmx,Diane-marie,87,23/11/2013
scrozierh@cnn.com,59hyXigRx,Shelly,82,30/08/2005
hsartaini@abc.net.au,b64cvCD6tPA,Harrie,75,09/10/2009
mhainsj@google.com,MTihNWsz,Minni,19,23/03/2010
jaynsleyk@tinypic.com,7W8HHE3G1RQ,Josey,57,01/10/2012
emallowsl@craigslist.org,ExqKYnPfxjjv,Elianore,48,24/12/2002
pgodboltm@multiply.com,Flz9jQ10Xp,Penrod,32,23/05/2015
bbahlsn@tamu.edu,2hGt4FFZe,Bary,49,07/07/2010
kenglando@nsw.gov.au,Dl2Nsh94i3,Konstantin,86,17/02/2013
gmottinip@weather.com,ok4rFnH,Guido,35,03/10/2010
feakleyq@posterous.com,2eIjEoDll,Forrester,64,23/11/2015
hmichier@google.com,vxu3hMRLuZ,Hedvig,20,23/07/2003
dglennies@diigo.com,A9tObZR2cEN,Dominic,49,01/08/2012
agowriet@webs.com,y9QbdyH1cR7S,Ava,18,18/02/2007
klayusu@de.vu,e9OBNJ64j,Kasey,89,25/01/2009
rgutowskiv@skype.com,2w2OiklA0Rj,Rickie,71,10/09/2010
jgrombridgew@google.it,beIDAOZ,Joanne,77,24/07/2001
elinkx@hatena.ne.jp,R9Shryy4,Emlynn,62,28/11/2005
cbuckbyy@globo.com,WSYPTDTZX,Corenda,34,30/11/2012
bhumbiez@arizona.edu,UTc5s0y,Benni,64,02/01/2019
lhinge10@cbc.ca,vwJLkjTpv,Lorenzo,64,31/01/2015
apreddle11@csmonitor.com,Tp8RA5,Ab,44,15/11/2000
ymarcham12@weebly.com,xGBSc3y,Yehudit,56,25/09/2002
wwhitewood13@webs.com,d0MSlj,Winfred,79,26/10/2005
amapletoft14@pagesperso-orange.fr,ee0tGUK,Avivah,82,22/06/2009
pwillacot15@vkontakte.ru,OZ75iepXx9jx,Paulina,63,05/07/2005
jswalowe16@utexas.edu,StcCcGF,Joya,31,13/09/2015
sjaime17@squarespace.com,NkbPACy,Steven,24,01/10/2005
bmapston18@symantec.com,5dDBqL11Or3Q,Bail,53,24/04/2019
ssimonetti19@fc2.com,eA4nEx5i6,Sandye,64,22/03/2014
khasel1a@xinhuanet.com,LDTS45nV,Kissiah,74,03/03/2001
wskoate1b@naver.com,41IefbfMG2B,Waylin,34,15/04/2003
dgillan1c@4shared.com,RD9Klv9qMCsN,Dex,63,30/09/2018
cterrington1d@ucoz.com,4FCmWak6GFb,Carma,49,07/02/2009
ghauxley1e@icq.com,VOdecC,Giles,83,26/12/2015
lwykes1f@sogou.com,ySfHXbkbPtTt,Lorine,21,30/08/2001
dfloodgate1g@livejournal.com,RzNz7UUJ1e,Doll,89,05/10/2008
dhaxley1h@businessinsider.com,I4AoU2,Dimitri,24,23/02/2010
sscain1i@mapy.cz,nW2A58AbXTAi,Sherlocke,34,24/08/2016
jpurnell1j@icq.com,qTpfdBUS1X,Jermain,47,17/03/2005
pberdale1k@yale.edu,YkUOU7eEj6,Penrod,18,02/07/2008
lsalatino1l@histats.com,5zOva7r,Lilah,57,16/03/2005
mricardo1m@illinois.edu,fVR7fQj,Meg,87,29/12/2008
sivantsov1n@dailymotion.com,BoTMPmGPCwau,Sonnie,42,28/09/2000
rboteman1o@disqus.com,uhFi9jXp,Rustin,79,29/03/2015
gruddiforth1p@wufoo.com,h7s5h7C1kZ,Guenevere,46,01/10/2014
vgalbraeth1q@noaa.gov,GGauQI57x3uJ,Vasilis,24,11/04/2003
nhaygreen1r@pcworld.com,QvrEA4t,Nedi,81,12/11/2005
haviss1s@4shared.com,9AvevB,Huntlee,49,10/02/2003
kpedycan1t@wikimedia.org,RwILAF0,Karel,83,06/05/2012
rburhill1u@illinois.edu,ZwW3dr0BQzVB,Robena,57,21/01/2016
kjelleman1v@bbc.co.uk,4odXuMCyj6K,Kennedy,64,10/03/2015
lbeedom1w@ca.gov,1VIUnMTtFFW,Lee,73,19/10/2017
pbestwall1x@timesonline.co.uk,mVSwvGV,Pascale,61,12/11/2002
ecron1y@gnu.org,nJLS56M,Elisabetta,54,11/10/2000
rfermoy1z@europa.eu,7LEmXtXfWp,Red,60,09/08/2011
fausting20@ucoz.ru,MAlkfxZ,Farrell,44,30/10/2005
lskilling21@cafepress.com,4lds6tW,Lannie,42,07/06/2012
acullinan22@oaic.gov.au,e2mbZga,Allen,33,31/03/2010
ggoldson23@rambler.ru,POEiOZL,Giorgio,55,29/12/2004
evalett24@cargocollective.com,EqCrMee1,Erny,50,25/05/2014
tchadwin25@rakuten.co.jp,zlVL3cbwN,Tami,68,11/04/2011
hwafer26@moonfruit.com,Gg88fVn2T0z,Hewet,83,01/11/2013
mislip27@state.gov,ETQmy1EDuJ,Maxi,38,28/05/2012
mwhyatt28@yahoo.co.jp,q8vS6fsAZ9j3,Madalena,63,27/02/2015
tedowes29@1688.com,8sLbmNaW,Timmi,57,02/06/2014
akief2a@t-online.de,juCWXd6EDOi,Ab,30,15/05/2012
lbuncher2b@washington.edu,uQhTip3j,Lawton,73,12/11/2014
lwordington2c@cocolog-nifty.com,0XbT7INtOpoE,Lemuel,65,15/08/2004
eblincow2d@google.it,jNP4Tbw3Ksk8,Emeline,31,28/05/2004
ashanley2e@tmall.com,quSdl4zU,Alissa,32,17/09/2008
jseager2f@umich.edu,DwUZQm8x9,Junia,61,04/05/2005
wmclukie2g@vistaprint.com,LlvoajzOaKlv,Willem,23,23/01/2009
vmealand2h@va.gov,bOvoxSGNMcfs,Vladamir,18,08/07/2015
rshakelade2i@technorati.com,iE6QVOQ,Robinett,73,05/03/2003
pelnough2j@paypal.com,hLapG7PK,Petrina,70,04/03/2021
mewols2k@ox.ac.uk,2KbCxDKA5PN,Mathew,56,30/09/2008
rbruntje2l@facebook.com,o1YrMt,Regina,74,03/06/2001
lstapylton2m@google.co.uk,glbuott4r,Lucius,44,21/01/2004
ugussie2n@domainmarket.com,imOBRc2OvbQ,Uta,70,30/03/2017
tspinello2o@marriott.com,z6YSZkH,Tildie,60,01/12/2020
bgrizard2p@acquirethisname.com,OX21Cr,Beverley,39,01/01/2001
lsamper2q@prlog.org,Ur6zzcj,Lesly,28,18/06/2011
kbristoe2r@bizjournals.com,npplU2CJ,Kenn,77,13/08/2015
